id;name;last_name;address
1;Assistant;Marquardt;Money Market Account
2;wireless mint green;Murray;Bedfordshire Security
3;Team-oriented;Gutmann;index
4;Auto Loan Account;Armstrong;functionalities
5;sky blue Consultant Malta;Huel;deposit multi-byte indexing
6;Ball Extended;Johnson;Pa'anga Directives Direct
7;Villages fuchsia Administrator;Botsford;Uzbekistan Sum
8;artificial intelligence;Pouros;Ergonomic California withdrawal
9;invoice secondary database;Haag;Tennessee deposit transmit
10;Ford;Bosco;Small Credit Card Account Chicken
